{
  "$schema": "https://biomejs.dev/schemas/2.3.8/schema.json",
  "assist": { "actions": { "source": { "organizeImports": "on" } } },
  "files": {
    "includes": [
      "**",
      "!**/dist/**/*",
      "!**/node_modules/**/*",
      "!**/src/routeTree.gen.ts",
      "!**/src/client/**/*",
      "!**/src/components/ui/**/*",
      "!**/playwright-report",
      "!**/playwright.config.ts"
    ]
  },
  "linter": {
    "enabled": true,
    "rules": {
      "recommended": true,
      "suspicious": {
        "noExplicitAny": "off",
        "noArrayIndexKey": "off"
      },
      "style": {
        "noNonNullAssertion": "off",
        "noParameterAssign": "error",
        "useSelfClosingElements": "error",
        "noUselessElse": "error"
      }
    }
  },
  "formatter": {
    "indentStyle": "space"
  },
  "javascript": {
    "formatter": {
      "quoteStyle": "double",
      "semicolons": "asNeeded"
    }
  },
  "css": {
    "parser": {
      "tailwindDirectives": true
    }
  }
}
